﻿"per_info","route","date","hospital","contacts"
"136.한국인 (남,84)","확인중","2/20","확인중","확인중"
"112.한국인 (여,79)","#136와 가족","2/20","확인중","확인중"
"83.한국인 (남,76)","#6와 접촉","2/20","확인중","확인중"
"82.한국인 (남,65)","확인중","2/20","확인중","확인중"
"81.한국인 (여,64)","확인중","2/20","확인중","확인중"
"80.한국인 (여,34)","확인중","2/20","확인중","확인중"
"79.한국인 (여,22)","확인중","2/20","확인중","확인중"
"78.한국인 (남,55)","확인중","2/20","확인중","확인중"
"77.한국인 (여,57)","확인중","2/20","확인중","확인중"
"76.한국인 (남,36)","확인중","2/20","확인중","확인중"
"75.한국인 (여,23)","확인중","2/20","확인중","확인중"
"74.한국인 (남,49)","확인중","2/20","확인중","확인중"
"73.한국인 (여,20)","확인중","2/20","확인중","확인중"
"72.한국인 (여,39)","확인중","2/20","확인중","확인중"
"71.한국인 (여,56)","확인중","2/20","확인중","확인중"
"70.한국인 (여,48)","확인중","2/20","확인중","확인중"
"69.한국인 (남,29)","확인중","2/20","확인중","확인중"
"68.한국인 (여,56)","확인중","2/20","확인중","확인중"
"67.한국인 (여,30)","확인중","2/20","확인중","확인중"
"66.한국인 (남,22)","확인중","2/19","확인중","확인중"
"65.한국인 (여,50)","확인중","2/19","경북대학교병원","확인중"
"64.한국인 (여,59)","확인중","2/19","확인중","확인중"
"63.한국인 (여,52)","확인중","2/19","확인중","확인중"
"62.한국인 (남,60)","확인중","2/19","확인중","확인중"
"61.한국인 (여,58)","확인중","2/19","확인중","확인중"
"60.한국인 (여,59)","확인중","2/19","확인중","확인중"
"59.한국인 (여,34)","확인중","2/19","확인중","확인중"
"58.한국인 (여,26)","확인중","2/19","확인중","확인중"
"57.한국인 (남,30)","확인중","2/19","확인중","확인중"
"56.한국인 (남,75)","확인중","2/19","서울의료원","확인중"
"55.한국인 (남,59)","확인중","2/19","포항의료원","확인중"
"54.한국인 (남,47)","확인중","2/19","포항의료원","확인중"
"53.한국인 (여,38)","확인중","2/19","대구의료원","확인중"
"52.한국인 (남,24)","확인중","2/19","확인중","확인중"
"51.한국인 (여,61)","#31와 접촉","2/19","계명대동산병원","확인중"
"50.한국인 (남,76)","#31와 접촉","2/19","영남대학교병원","확인중"
"49.한국인 (남,58)","#31와 접촉","2/19","경복대학교병원","확인중"
"48.한국인 (여,72)","#31와 접촉","2/19","칠곡경북대병원","확인중"
"47.한국인 (여,63)","#31와 접촉","2/19","대구의료원","확인중"
"46.한국인 (남,28)","확인중","2/19","대구의료원","확인중"
"45.한국인 (여,54)","확인중","2/19","대구의료원","확인중"
"44.한국인 (여,46)","확인중","2/19","경북대병원","확인중"
"43.한국인 (여,58)","확인중","2/19","계명대병원","확인중"
"42.한국인 (여,29)","확인중","2/19","대구의료원","확인중"
"41.한국인 (여,69)","확인중","2/19","동국대 경주병원","확인중"
"40.한국인 (남,77)","확인중","2/19","국립중앙의료원","8명"
"39.한국인 (여,61)","확인중","2/18","동국대 경주병원","8명"
"38.한국인 (여,57)","확인중","2/18","경북대병원","확인중"
"35.한국인 (남,47)","확인중","2/18","경북대병원","확인중"
"36.한국인 (여,48)","확인중","2/18","대구의료원","확인중"
"35.한국인 (여,26)","확인중","2/18","대구의료원","확인중"
"34.한국인 (남,24)","확인중","2/18","대구의료원","확인중"
"33.한국인 (여,40)","확인중","2/18","대구의료원","확인중"
"한국인 (여,11)","#20와 가족","2/18","분당서울대병원","확인중"
"31. 한국인 (여,61)","확인중","2/18","대구의료원","1160"
"30. 한국인 (여,68)","#29와 가족","2/16","서울대병원","27명"
"29. 한국인 (남, 82)","확인중","2/16","서울대병원","117명"
"중국인 (여, 30)","#3와 접촉","2/11","명지병원 퇴원 ","1명"
"중국인 (여, 37)","#25의 가족","2/9","경기도의료원안성병원","40명"
"한국인 (남, 51)","#25의 가족","2/9","경기도의료원안성병원","0"
"한국인 (여, 73)","#27의 가족","2/9","분당서울대병원","12명"
"한국인 (남, 28)","-","2/7","국립중앙의료원","0"
"중국인 (여, 57)","-","2/6","국립중앙의료원","23명"
"한국인 (남, 46)","#16의 가족","2/6","조선대병원 퇴원 ","1명"
"한국인 (여, 59)","#6와 접촉","2/5","서울대병원","6명"
"한국인 (여, 41)","#15의 가족","2/5","분당서울대병원","2명"
"한국인 (남, 36)","-","2/5","서울의료원","68명"
"한국인 (여, 21)","#16의 가족","2/5","전남대학교병원","8명"
"한국인 (남, 28)","-","2/5","일산명지병원 퇴원 ","290명"
"한국인 (여, 42)","-","2/4","전남대학교병원","450명"
"한국인 (남, 43) ","-","2/2","국군수도병원","15명"
"중국인 (여, 40)","#12의 가족","2/2","분당서울대병원 퇴원 ","3명"
"한국인 (남, 28)","-","2/2","국립중앙의료원","0"
"중국인 (남, 48)","일본 확진자와 접촉","2/1","분당서울대병원 퇴원 ","422명"
"한국인 (남, 25)","#6의 가족","1/31","서울대병원 퇴원 ","0"
"한국인 (여, 54)","#6의 가족","1/31","서울대병원","43명"
"한국인 (여, 28)","#5와 접촉","1/31","서울의료원","2명"
"한국인 (여, 62) ","-","1/31","원광대병원 퇴원 ","113명"
"한국인 (남, 28) ","-","1/30","서울의료원 퇴원 ","9명"
"한국인 (남, 55)","#3와 접촉","1/30","서울대병원","17명"
"한국인 (남, 33)","-","1/30","서울의료원","31명"
"한국인 (남, 55)","-","1/27","분당서울대병원 퇴원 ","95명"
"한국인 (남, 54) ","-","1/26","일산명지병원 퇴원 ","16명"
"한국인 (남, 55)","-","1/24","서울국립중앙의료원  퇴원 ","75명"
"중국인 (여, 35)","-","1/20","인천의료원  퇴원  ","45명"
